RSTCD,LOCCD,PLACD,Latitude,Longitude,planting_date
USGO,24H2,101C,46.92575737,-96.65286641,05/08/2024
USPH,5B02,102N,41.00392154,-102.4572852,05/09/2024
USMA,5620,161C,41.80347185,-89.10230221,05/03/2024
USSL,5500,104N,42.80372566,-93.19155981,05/15/2024
USSL,7420,101N,41.16595576,-95.02944064,04/22/2024
USHI,8644,102N,37.72843359,-88.44661503,04/19/2024
USMK,7727,102N,39.59108798,-85.946895,04/25/2024
USJA,4625,103N,42.67748855,-88.88879138,05/17/2024
USHI,8F35,162N,38.79059099,-88.06587143,05/04/2024
USMK,6811,102N,41.3151438,-84.18618295,05/20/2024
USJA,4601,104N,44.08157587,-91.28461682,05/13/2024
USPH,6320,107N,42.0638012,-97.93184586,05/10/2024
USGO,2329,104N,46.64171381,-98.08723147,05/11/2024
USPH,7303,105N,40.51011104,-98.89082384,04/23/2024
USPH,7303,103C,40.51010891,-98.89139923,04/23/2024
USMK,6734,212N,40.28440981,-85.8762621,05/04/2024
USPH,5213,102N,40.98933671,-101.4478272,05/06/2024
USMK,4G34,161N,43.53898392,-83.563581,05/10/2024
USST,4400,104N,43.57320771,-95.72328632,04/24/2024
USMA,6634,199N,41.21817913,-88.64932041,05/21/2024
USSL,6415,102C,42.68831692,-93.83828994,05/14/2024
USAD,3343,107N,44.61326624,-96.67027027,05/18/2024
USPH,3B12,161N,42.13820185,-102.9280152,05/14/2024
USMA,5620,107N,41.80349908,-89.09884958,05/04/2024
USWA,7C35,164N,40.72872872,-96.12156054,05/10/2024
USCL,7632,108N,40.20455696,-88.85809753,04/22/2024
USAD,4C45,161N,44.54931349,-96.88587472,05/21/2024
USJN,8B12,161C,35.39323829,-101.3268512,04/25/2024
USMA,6634,102N,41.21770422,-88.65498554,05/21/2024
USLT,7528,101N,40.87166771,-91.87023009,05/18/2024
USMK,7727,206C,39.5838866,-85.93725845,04/25/2024
USCL,763S,104N,40.21679166,-88.91850185,05/11/2024
USJN,8405,103C,39.13311295,-93.40947712,04/11/2024
USPH,5C10,101C,42.9440713,-98.67319587,05/16/2024
USCL,7F20,163N,40.55345363,-89.43897827,04/17/2024
USAD,4C18,191N,43.68789277,-98.37968833,04/25/2024
USJA,4625,108N,42.67749174,-88.88730394,05/17/2024
USJN,8220,103N,37.54480215,-100.7902668,04/24/2024
USWA,7330,163N,40.74239113,-97.26742555,05/01/2024
CAAR,3831,102C,43.08098438,-81.20443291,05/10/2024
USWA,6D08,162N,42.05338369,-95.71177127,04/15/2024
USSL,5500,168C,42.80370918,-93.19036765,05/15/2024
USMK,7727,103N,39.59086837,-85.94689287,04/25/2024
CAAR,2840,102N,43.61466591,-80.50626086,05/20/2024
USST,3408,107N,44.96675475,-94.91635955,05/14/2024
USJA,4620,102N,42.96881436,-89.55966901,05/16/2024
USGO,2341,102C,46.83460352,-97.49535495,05/13/2024
USJN,8C11,161N,37.99432639,-97.53693167,04/15/2024
USAD,4342,203N,44.28238286,-96.63209171,05/15/2024
USAD,4342,210N,44.28238313,-96.62995342,05/16/2024
USWA,7C36,101N,39.9246798,-95.35818708,05/09/2024
USHI,8602,102C,38.65487526,-89.79622412,05/19/2024
USMK,7H04,161C,39.91644482,-84.67179636,05/13/2024
USSL,5431,104N,43.1628971,-93.91746213,05/18/2024
USSL,6418,381N,41.86300686,-93.66095257,05/17/2024
USST,4D46,162C,43.5613819,-93.48198683,04/25/2024
USJA,3631,105N,43.67720738,-88.66607132,05/10/2024
USMK,6730,104N,40.86456347,-85.33617398,05/13/2024
USPH,5217,102C,40.72849557,-103.072199,05/07/2024
USCL,7632,106N,40.20499616,-88.85809873,04/22/2024
USLT,5514,104N,42.57159829,-91.60493604,05/16/2024
USMK,7821,107N,39.48537237,-83.51320697,04/24/2024
USSL,6418,203N,41.86211865,-93.66474257,05/19/2024
USCL,6639,106N,40.61584558,-88.3283867,05/08/2024
USHI,8Z17,161C,39.87681656,-92.20173728,04/11/2024
USSL,6511,308N,41.99300252,-92.73348593,05/16/2024
USJA,4625,105C,42.67748983,-88.8881964,05/17/2024
USSL,7440,161C,41.45310766,-94.13857422,04/12/2024
USMK,6812,105N,41.02951185,-83.95382708,05/08/2024
USST,3412,161N,45.12273145,-95.63301138,05/14/2024
USMA,6634,104N,41.21846316,-88.64779689,05/21/2024
USJN,9C20,101,29.05566808,-96.47551795,03/16/2024
USST,3408,102N,44.96774212,-94.91636333,05/13/2024
USGO,2329,103C,46.64171381,-98.08723147,05/11/2024
USHI,8702,101N,38.2675521,-87.63310582,05/11/2024
USGO,2339,104N,47.05416045,-96.91950662,05/15/2024
USST,4442,106N,43.95172297,-94.62393572,05/20/2024
USPH,7311,162C,40.58314252,-98.15860845,04/26/2024
USST,3437,106N,44.70049243,-94.91471486,05/17/2024
USST,3D41,161N,45.49732095,-93.97484604,05/08/2024
USAD,5320,106C,43.61286673,-98.25667488,05/14/2024
USST,4531,104C,44.47839409,-93.04497032,05/06/2024
USSL,7420,202C,41.38568417,-95.04229723,04/22/2024
USMA,6634,169N,41.21770422,-88.65498554,05/21/2024
USCL,7F34,161N,39.67667384,-89.35840359,04/17/2024
USGO,2402,109N,46.91621812,-96.66648336,05/09/2024
USWA,7C36,162N,39.92284158,-95.3586544,05/09/2024
USPH,7243,108N,40.84924334,-99.70177452,04/20/2024
USLT,6540,107N,41.59178657,-90.76353997,05/05/2024
USLT,6518,102N,42.30670788,-91.20804972,05/15/2024
USBY,9530,103N,35.74344974,-90.50650167,04/12/2024
USBY,8541,116N,37.07119266,-89.70849048,04/23/2024
USWA,8320,110N,40.2876368,-97.1197695,04/12/2024
USAD,2338,102C,45.13036705,-97.10394568,05/18/2024
USST,3431,EMERGE,44.75916036,-95.07465036,04/15/2024
USST,3408,168N,44.96631592,-94.91635787,05/14/2024
USSL,5420,108N,43.04514043,-95.14433232,05/20/2024
USMA,6634,103N,41.21824361,-88.64779447,05/21/2024
USWA,8320,105N,40.28467311,-97.11788831,04/12/2024
USSL,7420,102N,41.39023428,-95.03828085,04/22/2024
USSL,6511,304N,41.99300229,-92.73466305,05/15/2024
USST,4447,EMERGE,41.99345485,-94.82757523,04/13/2024
USAD,3320,107N,45.29746905,-98.31008502,05/11/2024
USMK,8931,F2,39.85879325,-75.90935875,05/01/2024
USLT,6548,108N,41.44545888,-91.38522482,04/24/2024
USAD,5320,191N,43.61086025,-98.24801085,05/14/2024
USJN,8405,105C,39.13308792,-93.41037326,04/12/2024
USGO,2341,114N,46.83724379,-97.49374302,05/14/2024
CAMB,318,102N,49.9878226,-98.79629274,05/16/2024
USMK,6725,102C,40.76491947,-85.83010166,05/22/2024
USJN,8D32,161C,39.00966173,-93.69454277,04/11/2024
USJA,462N,EO11C,42.66402786,-88.95409667,05/04/2024
USWA,6334,104N,42.16931644,-96.99714838,04/24/2024
USLT,7534,192C,41.48299134,-91.39003867,05/08/2024
USAD,4342,104C,44.30464397,-96.704179,05/16/2024
USMK,6730,161C,40.85986547,-85.33525714,05/13/2024
USGO,2328,161C,46.93447823,-98.20706845,05/21/2024
USGO,2329,191N,46.64303073,-98.0869201,05/11/2024
USAD,4C23,161N,43.04070831,-98.24611245,04/25/2024
USHI,7Z16,161N,39.50923265,-91.19046022,04/15/2024
USAD,3320,108N,45.29768845,-98.31008265,05/11/2024
USAD,5408,111N,43.12858201,-95.95072949,05/15/2024
USMK,6812,104N,41.0295185,-83.95324725,05/08/2024
USBY,8648,161N,36.04593833,-89.33625674,04/25/2024
USMA,5620,102C,41.80348355,-89.09826283,05/04/2024
USGO,1344,191N,47.80868794,-97.4118815,05/22/2024
USBY,8541,161N,37.07431537,-89.71102976,04/22/2024
USPH,7307,104N,39.4045559,-100.6612103,05/08/2024
USMA,5711,102C,41.38554483,-86.9678643,05/17/2024
USST,3408,101N,44.96517291,-94.92636588,05/13/2024
USJN,8C39,161N,37.25155368,-94.75833621,04/17/2024
CAAR,2833,102C,43.36256061,-80.91218856,05/16/2024
USSL,7420,207N,41.38508063,-95.04090831,04/23/2024
CAAR,3831,104N,43.08127049,-81.20549456,05/10/2024
USAD,4342,180C,44.3077563,-96.705559,05/17/2024
USST,4424,107N,43.74405395,-95.22503824,05/20/2024
USAD,5320,104N,43.61330565,-98.2566691,05/14/2024
USMA,6616,105C,41.85401521,-88.83051356,05/19/2024
CAAR,5H03,192N,42.48266955,-82.16846222,05/15/2024
USSL,5D10,161N,42.68711642,-95.39792373,05/13/2024
USPH,6C14,161C,41.75408266,-98.50836186,05/07/2024
USCL,7612,105N,40.57032832,-90.80058967,04/25/2024
USCL,6614,166N,40.91283403,-89.8496457,05/13/2024
USWA,7319,101N,40.76458874,-97.95603353,05/06/2024
USWA,7D11,166N,41.02888619,-95.13627389,04/23/2024
USAD,4342,204N,44.2823829,-96.63178624,05/16/2024
USBY,9539,161N,34.80742419,-91.08449151,04/17/2024
USJA,4621,161C,43.20143588,-90.0006805,05/18/2024
USAD,5330,107N,43.48067244,-97.58288161,05/09/2024
USSL,7420,210N,41.38474701,-95.04015423,04/23/2024
USPH,6320,103N,42.06292309,-97.93184664,05/09/2024
USSL,7520,104N,41.428754,-92.5705714,05/18/2024
USBY,9511,105N,32.61455138,-91.54155322,04/04/2024
USJA,3631,111N,43.67720362,-88.66833918,05/13/2024
USMA,6601,103N,40.89726909,-89.2148424,04/22/2024
USSL,5500,103N,42.80372978,-93.19185785,05/15/2024
USWA,7349,101N,41.87625713,-96.22238908,05/11/2024
USST,4424,109N,43.74384219,-95.22498824,05/20/2024
USSL,5404,161C,42.80660221,-95.88858599,05/14/2024
USGO,2341,104C,46.8350422,-97.4953597,05/13/2024
USMA,6609,109N,41.372778,-89.37485572,04/24/2024
USBY,9602,105N,33.34061535,-91.04743772,04/05/2024
USSL,7520,168C,41.42952244,-92.57057075,05/18/2024
USSL,6418,103N,41.86234392,-93.65323276,05/19/2024
CAMB,330,101N,49.5540748,-97.08105143,05/14/2024
USBY,8541,112N,37.07119005,-89.7073937,04/23/2024
CAMB,343,104N,49.58153139,-98.0765321,05/18/2024
USSL,6511,302N,41.99300218,-92.73525161,05/15/2024
USWA,8320,168N,40.2876368,-97.1197695,04/12/2024
USSL,6415,191N,42.68830586,-93.83620721,05/14/2024
USPH,7243,103C,40.84878763,-99.7018309,04/20/2024
USSL,7520,103N,41.42853445,-92.57057159,05/18/2024
USJA,3F01,161N,44.44685606,-90.96840116,05/14/2024
USSL,6511,109N,41.99403946,-92.74547449,05/15/2024
USAD,43H2,HELI,44.30772954,-96.70429182,05/15/2024
USBY,9530,102N,35.74345114,-90.50616471,04/12/2024
USSL,6418,408N,41.88316258,-93.71052761,05/16/2024
USBY,9530,201N,35.74407989,-90.50761886,04/12/2024
USST,3408,106N,44.96697417,-94.91636039,05/14/2024
USPH,6310,101N,42.5009426,-98.73465143,05/03/2024
USCL,7603,108N,39.78202932,-90.02776747,04/15/2024
USMK,5J20,F3,40.5131772,-77.6761429,05/09/2024
USJA,4620,106N,42.96608093,-89.56090728,05/17/2024
USCL,7612,102N,40.57285318,-90.80001097,04/24/2024
USCL,7632,286C,40.2147121,-88.90673686,04/22/2024
USST,4400,161N,43.58727045,-95.7339845,04/23/2024
USBY,8541,105N,37.0711098,-89.70547713,04/22/2024
USWA,6C32,191C,42.46691138,-97.1313968,05/14/2024
USSL,6418,105N,41.86190485,-93.65323327,05/19/2024
USWA,7345,192C,41.55518192,-96.75119715,04/23/2024
USLT,7528,102N,40.873802,-91.86718004,05/18/2024
USAD,4D18,161C,44.41747413,-95.55396714,05/17/2024
USBY,8541,115N,37.07119201,-89.70821629,04/23/2024
USJA,4625,109N,42.67749238,-88.88700645,05/18/2024
USSL,5404,103C,42.80495526,-95.88207105,05/14/2024
USMK,6734,218C,40.28442306,-85.87743806,05/05/2024
USPH,7311,105N,40.5831425,-98.15932848,05/01/2024
USSL,5500,101N,42.81030323,-93.19610391,05/15/2024
USAD,5320,103C,43.61352511,-98.25666621,05/14/2024
USJA,4625,187C,42.67749047,-88.88789891,05/17/2024
USPH,7311,103C,40.58314249,-98.15990451,05/01/2024
USSL,6418,101N,41.88773217,-93.70339805,05/19/2024
CAAR,5H04,162N,42.54571161,-82.35733353,05/18/2024
USLT,6548,161N,41.45205715,-91.38610441,04/24/2024
USJA,3F38,161C,43.55950238,-88.03896712,05/18/2024
CAAR,3835,102N,43.49221707,-81.45873,05/16/2024
USJN,9C23,101,31.91875173,-96.96703216,04/06/2024
USPH,7307,102C,39.40455068,-100.6605026,05/08/2024
USPH,7244,100C,40.85176571,-99.71114059,04/19/2024
USST,2540,102N,45.77769431,-94.07053072,05/17/2024
USLT,6518,103N,42.30648836,-91.20804968,05/15/2024
USWA,8320,101N,40.29033963,-97.12358583,04/11/2024
USST,4520,104N,43.45590949,-91.86209761,05/18/2024
USJN,8220,102C,37.54439021,-100.7902669,04/24/2024
USHI,8602,161C,38.65443381,-89.79182923,05/19/2024
USAD,4342,SPR,44.30518419,-96.70693676,05/17/2024
USAD,3343,106N,44.61326688,-96.66996307,05/18/2024
USST,3601,104N,44.85238067,-92.7141862,05/10/2024
USLT,7528,104N,40.87336244,-91.86711213,05/18/2024
USAD,5320,161C,43.61468304,-98.26401604,05/14/2024
USSL,6416,105N,42.18149142,-94.6008407,04/24/2024
USMA,6601,101N,40.90318733,-89.21771229,04/22/2024
USSL,6418,383C,41.92206146,-93.66311157,05/17/2024
USST,4515,101N,43.89910889,-93.74589964,05/17/2024
USJA,3631,113N,43.67720236,-88.66909513,05/13/2024
USAD,4C26,162N,44.36170716,-97.80011386,05/20/2024
USSL,6428,196N,41.86336185,-94.51155422,04/25/2024
USMK,7821,108N,39.48487513,-83.51264909,04/24/2024
USAD,4342,110N,44.30430952,-96.70601428,05/16/2024
USST,2431,102C,45.52511858,-94.86153946,05/15/2024
USSL,64H8,101C,41.92494669,-93.66240436,05/17/2024
USBY,9602,103N,33.34076078,-91.04694334,04/05/2024
USHI,8Z34,164N,38.93012152,-91.40469008,04/17/2024
USCL,6614,101N,40.91602631,-89.8494693,05/13/2024
USSL,6418,382C,41.92205652,-93.66355245,05/17/2024
USWA,6334,161N,42.16870628,-96.98933662,04/24/2024
USST,4400,103N,43.57359179,-95.72328638,04/23/2024
USSL,5420,104N,43.04426259,-95.1443518,05/20/2024
USST,4424,101N,43.74705117,-95.22545534,05/20/2024
USBY,9540,161N,34.8109045,-91.60255598,03/30/2024
USGO,1321,105N,47.56252551,-98.97564025,05/16/2024
USGO,2329,105N,46.64196526,-98.08791469,05/11/2024
USPH,7303,180C,40.51013134,-98.88870016,04/23/2024
USSL,7420,182N,41.38891734,-95.03594813,04/23/2024
USCL,7632,295N,40.2147137,-88.90659365,04/22/2024
USAD,4332,106C,43.62207282,-96.47137386,05/13/2024
CAMB,318,161N,49.98783703,-98.79731255,05/16/2024
USJA,3F01,102N,44.44619322,-90.96608237,05/14/2024
USST,4442,107N,43.95172475,-94.62423948,05/20/2024
USLT,5514,106C,42.57159138,-91.60434214,05/16/2024
USST,453S,108S,44.47911406,-93.03890295,05/06/2024
USSL,4Z23,161C,42.9803855,-92.71574349,05/19/2024
USJN,9C15,101,29.3365123,-96.12078159,02/28/2024
USGO,2402,107N,46.9162178,-96.66584315,05/09/2024
USSL,6511,305N,41.99300235,-92.73436877,05/15/2024
USMK,7727,101N,39.5830634,-85.93722608,04/25/2024
USSL,7411,105N,41.16619661,-95.02921596,04/22/2024
CAAR,2840,101N,43.61528012,-80.50836418,05/20/2024
USPH,7B45,102C,40.57927319,-99.71494839,05/17/2024
USAD,3320,102C,45.29637082,-98.31006044,05/10/2024
USSL,7440,104C,41.4484003,-94.14263675,04/12/2024
CAMB,343,103N,49.58130669,-98.07652943,05/18/2024
USSL,5431,161N,43.16913557,-93.91772257,05/18/2024
USCL,7628,104C,40.39288042,-89.05757716,05/23/2024
USGO,2402,161C,46.91951551,-96.67100442,05/09/2024
USJA,3631,102N,43.68049893,-88.66936792,05/10/2024
USSL,6428,166N,41.86307642,-94.51257673,04/25/2024
USSL,5500,198N,42.80371894,-93.19018735,05/15/2024
USSL,7440,105C,41.44839643,-94.14322034,04/13/2024
USSL,6428,182C,41.86318801,-94.51257971,04/25/2024
USSL,7520,301N,41.43086231,-92.43343694,04/24/2024
USWA,7347,HERB,41.351239,-96.26662571,04/22/2024
CAAR,847,162C,43.83053616,-80.23119984,05/07/2024
USST,2431,103C,45.52801436,-94.86575012,05/15/2024
USMA,5620,106N,41.80349924,-89.09914299,05/04/2024
USMA,5610,169N,42.49465225,-89.33798066,05/04/2024
USGO,2402,104N,46.91869299,-96.6710103,05/09/2024
USAD,4342,106N,44.3046415,-96.70479016,05/16/2024
USMK,7G28,161C,39.57677293,-85.96032885,04/26/2024
USSL,6511,306N,41.99300241,-92.73407449,05/16/2024
USMK,6734,104N,40.3199181,-85.76708781,05/05/2024
USPH,5B02,161N,41.00354661,-102.4607649,05/09/2024
USJN,7203,191N,37.55474966,-101.5522384,05/01/2024
USST,3601,103N,44.85237883,-92.71449465,05/09/2024
USBY,8541,111N,37.07118939,-89.7071195,04/23/2024
USPH,4B05,102C,41.3220422,-103.2793348,05/13/2024
USSL,6415,103C,42.68831534,-93.83799241,05/14/2024
USMK,7821,106N,39.48553811,-83.51339293,04/24/2024
USHI,8702,110N,38.26540291,-87.63743187,05/12/2024
USGO,2339,103N,47.05415797,-96.91982753,05/15/2024
USSL,7420,208N,41.38496942,-95.04065695,04/23/2024
USST,3402,105N,45.3825051,-95.9049547,05/11/2024
USGO,2329,106N,46.64240314,-98.08823556,05/11/2024
USST,3437,107N,44.70027301,-94.91471326,05/17/2024
USGO,2341,113N,46.83702445,-97.49374391,05/14/2024
USAD,5408,104N,43.13013394,-95.95068073,05/14/2024
USBY,9511,101N,32.61538256,-91.54291153,04/03/2024
USST,4442,105N,43.95172118,-94.62363196,05/20/2024
USSL,5420,110C,43.04557936,-95.14432258,05/20/2024
USAD,2338,104N,45.13335714,-97.10386488,05/18/2024
USWA,7330,181N,40.7453838,-97.27151916,04/30/2024
USPH,7311,102C,40.58314248,-98.16019252,04/25/2024
USJN,8B09,161C,38.53931814,-101.2923339,04/23/2024
USGO,1344,108N,47.80915296,-97.41474968,05/23/2024
USJN,8C34,101C,37.78351337,-94.93315426,04/17/2024
USST,2540,101N,45.77189815,-94.07049204,05/17/2024
USST,4533,105N,43.92148863,-92.94326407,05/14/2024
USPH,7311,108N,40.58313634,-98.15887506,05/01/2024
USGO,2328,104C,47.12162767,-98.19649621,05/21/2024
USSL,6418,206N,41.86277725,-93.66474622,05/19/2024
USMK,9J28,101,34.66415971,-78.06349143,04/17/2024
USLT,6540,168N,41.59178551,-90.76383242,05/05/2024
USMK,7821,103N,39.48553811,-83.51339293,04/24/2024
USST,4531,107C,44.48068789,-93.03430797,05/06/2024
USSL,7420,181N,41.38904903,-95.0361814,04/23/2024
USBY,9530,104N,35.74410875,-90.50657318,04/13/2024
USSL,5424,106N,42.86268441,-94.67958003,05/13/2024
USAD,4342,112N,44.30518522,-96.70663118,05/17/2024
USMK,4732,103N,42.65227845,-84.23293958,05/02/2024
USGO,2329,102C,46.64396297,-98.08692513,05/11/2024
USPH,7243,110N,40.84968252,-99.70178463,04/20/2024
USAD,4342,111N,44.30430849,-96.70631986,05/17/2024
USSL,7420,212N,41.38452459,-95.03965151,04/23/2024
USAD,5330,161C,43.48717536,-97.58193044,05/08/2024
USHI,8702,108N,38.26586521,-87.6374335,05/11/2024
USST,4524,161N,43.52873803,-92.6286802,05/15/2024
CAAR,3831,105N,43.08153467,-81.20247705,05/13/2024
USMK,6G19,161C,40.25773345,-87.03370882,05/09/2024
USMK,4742,102N,42.01935548,-83.69329004,05/14/2024
USST,4533,164N,43.92148449,-92.94053153,05/14/2024
USWA,7319,105N,40.76458509,-97.95639449,05/06/2024
USBY,9539,191N,34.80617319,-91.0838177,04/17/2024
CAAR,3H30,161C,43.16757094,-81.17392309,05/10/2024
CAAR,5H03,161N,42.48489776,-82.17156751,05/15/2024
USST,4442,101N,43.9561068,-94.62301292,05/20/2024
USBY,9602,102N,33.3408335,-91.04669615,04/05/2024
USMA,6634,108N,41.21960789,-88.64778242,05/21/2024
USMK,6734,110N,40.3187351,-85.76984888,05/05/2024
USBY,8541,102N,37.07110782,-89.70465454,04/22/2024
USJN,8316,103C,39.42310536,-97.19601443,04/19/2024
USBY,9602,101N,33.34225483,-91.04701207,04/05/2024
USWA,6334,102N,42.16959085,-96.99714727,04/24/2024
USST,3402,107N,45.38207293,-95.90651511,05/11/2024
USST,4400,191N,43.57337232,-95.72328634,04/23/2024
USBY,8541,110N,37.07118874,-89.70684531,04/23/2024
CAAR,5H04,161N,42.54596115,-82.36116615,05/18/2024
USLT,6548,103N,41.44546651,-91.38668375,04/24/2024
USWA,7330,182N,40.74239338,-97.26800294,05/01/2024
USSL,5404,102C,42.8049545,-95.8816239,05/14/2024
USBY,8541,101N,37.07368899,-89.70443919,04/22/2024
USGO,2341,109N,46.83614708,-97.49374744,05/14/2024
USSL,7420,213N,41.38441339,-95.03940016,04/24/2024
USGO,1321,104N,47.58843197,-99.07082112,05/16/2024
USAD,3C34,102N,45.00734037,-97.76389104,05/20/2024
USGO,2339,191N,47.05415611,-96.92006821,05/15/2024
USLT,6540,104N,41.59178975,-90.76266263,05/05/2024
USWA,8320,106N,40.28468009,-97.11889186,04/12/2024
USPH,6B01,102C,41.30639721,-100.1585924,05/13/2024
USJA,3631,165N,43.67701431,-88.66843849,05/13/2024
USCL,7632,203N,40.21469926,-88.90788252,04/22/2024
USBY,9602,161N,33.3421126,-91.05010391,04/04/2024
USJN,9C26,161C,36.24682638,-101.9507135,04/30/2024
USMA,5620,105C,41.80349941,-89.09943641,05/04/2024
CAAR,2837,163C,43.31798392,-80.61078868,05/09/2024
USGO,3302,105N,46.26250842,-97.08033195,05/10/2024
USGO,1336,103N,48.76133245,-98.09068198,05/21/2024
USGO,3302,161C,46.26822623,-97.08301462,05/10/2024
USGO,2402,108N,46.91621796,-96.66616325,05/09/2024
USST,4Z05,161C,43.70225535,-94.00575408,05/18/2024
USST,3422,161C,45.32553197,-94.38375358,05/17/2024
CAAR,3831,163C,43.08082031,-81.20595109,05/10/2024
USCL,6614,102N,40.91281561,-89.84877772,05/13/2024
USGO,1344,103C,47.80884713,-97.41644471,05/22/2024
USHI,8Z34,102C,38.92957242,-91.4046959,04/17/2024
USJA,3633,161N,43.87581934,-88.71007062,05/14/2024
USCL,7636,161N,39.86785547,-88.38006024,04/21/2024
USGO,1344,106N,47.8087144,-97.41473929,05/23/2024
USMA,5711,103C,41.38726324,-86.96925968,05/18/2024
USLT,5514,109C,42.57158102,-91.6034513,05/16/2024
USMK,7821,161N,39.48627277,-83.5088306,04/23/2024
USLT,7532,193C,41.27450774,-91.66604524,05/19/2024
USWA,7349,102N,41.8733181,-96.21811094,05/11/2024
USCL,763S,201C,40.2167847,-88.91973448,05/11/2024
USMK,6G41,102C,41.06653843,-84.92573946,05/21/2024
USCL,7632,102N,40.20587456,-88.85810114,04/22/2024
USLT,6540,102N,41.59616159,-90.76478364,05/05/2024
USGO,2341,105N,46.83526154,-97.49536208,05/13/2024
USGO,1316,161N,47.57417125,-100.9274231,05/15/2024
USPH,6320,109C,42.06422911,-97.9316681,05/11/2024
USWA,7347,EMERGE,41.35062411,-96.26391161,04/05/2024
USHI,8G08,101C,37.55085016,-87.40986186,04/25/2024
USHI,8702,103N,38.26779945,-87.63310561,05/11/2024
USPH,7303,108C,40.51011424,-98.88996075,04/22/2024
USWA,7C32,101N,41.03102925,-97.09888874,04/30/2024
USSL,6416,103N,42.18192844,-94.60080239,04/23/2024
USST,4D46,161N,43.57848734,-93.48308966,04/25/2024
USJN,8405,104C,39.13310369,-93.40897283,04/12/2024
USPH,4B04,161C,41.52681689,-102.951104,05/14/2024
USHI,8Z34,163C,38.92984697,-91.40469299,04/17/2024
CAMB,343,102N,49.58109811,-98.07626777,05/18/2024
USSL,6511,202C,41.98966594,-92.73921634,05/17/2024
USST,4532,103N,44.30051276,-93.07477784,05/13/2024
CAAR,3831,106N,43.08135446,-81.20238645,05/13/2024
USSL,5431,102N,43.16662626,-93.91683855,05/18/2024
USBY,9530,105N,35.74410763,-90.50684275,04/13/2024
USLT,6548,111N,41.44545428,-91.38434946,04/25/2024
USSL,7420,106N,41.38970751,-95.03734775,04/23/2024
USSL,7420,108N,41.38944412,-95.03688121,04/23/2024
USMA,6609,108N,41.37264257,-89.37652921,04/24/2024
USMK,7821,105N,39.48520662,-83.51302101,04/24/2024
USSL,5500,102N,42.8037339,-93.19215589,05/15/2024
USSL,7411,102N,41.16634101,-95.02802741,04/22/2024
USAD,3320,104C,45.29680962,-98.31005569,05/11/2024
USSL,5424,102C,42.86180642,-94.6795835,05/13/2024
USGO,2402,111N,46.91621843,-96.66712357,05/09/2024
USAD,5330,103C,43.48066962,-97.58167602,05/08/2024
USAD,5408,103C,43.13035342,-95.95067811,05/14/2024
USST,4442,109N,43.95337752,-94.62539806,05/20/2024
USPH,5215,161N,40.97306778,-101.4603108,05/06/2024
USJN,9C02,101,29.40368538,-99.19360565,03/11/2024
USPH,6C14,102C,41.75353754,-98.51463286,05/08/2024
USSL,7420,110N,41.38918073,-95.03641467,04/23/2024
USWA,7C35,101C,40.72904235,-96.12150464,05/10/2024
CAMB,323,161N,49.39248622,-98.01798969,05/13/2024
USST,4442,104N,43.95171984,-94.62340414,05/20/2024
USWA,8320,102N,40.28576555,-97.11708675,04/11/2024
USMA,5F32,162N,42.33617946,-88.53039068,05/01/2024
USST,3437,103C,44.70137013,-94.9147213,05/16/2024
USLT,6Z42,101N,41.78362425,-90.75273054,04/25/2024
USMK,6734,103N,40.32013769,-85.76708577,05/05/2024
USPH,7243,104N,40.84820038,-99.70178325,04/20/2024
USGO,2341,107N,46.83569205,-97.49696492,05/13/2024
USAD,3C26,102C,45.69268606,-97.90857605,05/22/2024
USHI,8644,161N,37.72785962,-88.44733711,04/18/2024
USMK,6734,101N,40.32071624,-85.77485199,05/05/2024
USST,4424,110N,43.74362273,-95.22498651,05/20/2024
USST,4414,EMERGE,45.26799532,-95.32032987,04/15/2024
USBY,9530,261N,35.74410707,-90.50697753,04/12/2024
USLT,6Z42,162N,41.78349872,-90.74843055,05/01/2024
USAD,4342,107N,44.30464026,-96.70509574,05/16/2024
USMK,6725,101C,40.70234336,-85.82855836,05/22/2024
USCL,7612,191N,40.57263359,-90.80001121,04/24/2024
USJA,4F22,162N,43.30489242,-89.3051467,05/15/2024
USSL,6418,404C,41.883157,-93.70905875,05/16/2024
USAD,3343,191N,44.61326688,-96.66996307,05/18/2024
USLT,5514,191C,42.57157064,-91.60256045,05/17/2024
USHI,8702,104N,38.26608489,-87.63743427,05/11/2024
USSL,64H8,104N,41.9220441,-93.6599465,05/17/2024
USCL,7632,109N,40.20443621,-88.85809202,04/23/2024
USJA,5628,193,42.52015167,-88.9200808,05/06/2024
USAD,5320,105N,43.61308619,-98.25667199,05/14/2024
USBY,8541,121N,37.07118547,-89.70937696,04/24/2024
USAD,4C26,161N,44.36113081,-97.79997475,05/20/2024
USJN,8C09,192C,37.96364357,-97.51371079,04/15/2024
USMK,4742,107N,42.01899643,-83.69333262,05/15/2024
USMA,5610,107N,42.49468228,-89.33815547,05/04/2024
USCL,7636,104N,39.86477468,-88.37875059,04/21/2024
CAAR,849,162N,43.87305686,-80.60508642,05/22/2024
USGO,2328,103C,47.12162766,-98.19617487,05/21/2024
USLT,6540,101N,41.5918388,-90.76427144,05/05/2024
USSL,7520,205N,41.43085855,-92.43263471,04/25/2024
USAD,3C34,161N,45.00534321,-97.76929682,05/20/2024
USJA,4620,191N,42.96991175,-89.55965187,05/16/2024
USJA,4625,111N,42.67749364,-88.88641148,05/18/2024
USST,4424,104C,43.74471233,-95.22504344,05/20/2024
USBY,8541,106N,37.07111046,-89.70575132,04/22/2024
USJA,5607,104C,42.57438248,-90.14339337,04/25/2024
USMK,4742,104N,42.01913599,-83.69328477,05/14/2024
USJN,8B09,102C,38.53627829,-101.2886886,04/24/2024
USSL,7420,203N,41.38545531,-95.04179964,04/23/2024
USSL,7440,106N,41.4483945,-94.14351213,04/13/2024
USAD,5320,102C,43.61042183,-98.2477074,05/14/2024
USWA,6334,103N,42.17013965,-96.99714503,04/24/2024
CAAR,2837,101C,43.31764885,-80.61137382,05/09/2024
USJN,7203,161N,37.55344461,-101.5501674,05/01/2024
USMK,6734,108N,40.31932417,-85.76711792,05/05/2024
USAD,4332,103N,43.62164455,-96.47167161,05/13/2024
USSL,4438,191N,43.39558645,-94.66102954,05/17/2024
USMA,6609,104N,41.37278153,-89.37758317,04/23/2024
USMA,5620,112N,41.80350252,-89.10132955,05/04/2024
USSL,4Z23,102C,42.98458255,-92.73244196,05/19/2024
USPH,6320,106N,42.06358168,-97.93184606,05/10/2024
USSL,6415,161C,42.68771805,-93.85158044,05/14/2024
USJN,8220,161N,37.54439021,-100.7902669,04/24/2024
USWA,6D16,162N,41.6410724,-95.48071732,04/15/2024
USSL,6511,102N,41.99552059,-92.74553547,05/15/2024
USWA,6C03,163N,42.75807793,-96.66777715,05/14/2024
USWA,6C32,161N,42.46451836,-97.13155459,05/14/2024
USST,2432,165C,45.8650512,-95.0877938,05/16/2024
USBY,9511,161N,32.6153756,-91.54148265,04/03/2024
USPH,7C15,161N,40.76378073,-98.77857397,04/24/2024
USMA,6601,167N,40.89726713,-89.21513176,04/24/2024
USJN,8B38,161C,37.44080497,-98.57465465,04/23/2024
USGO,1333,104N,48.75982086,-97.62870694,05/20/2024
CAMB,323,102N,49.39248398,-98.01933325,05/12/2024
USHI,8Z34,101C,38.92895985,-91.40420688,04/17/2024
USSL,5511,161N,42.64221909,-92.78904147,05/17/2024
USGO,3302,191N,46.26461385,-97.08247867,05/10/2024
USMK,7G28,102C,39.57677105,-85.96047074,04/26/2024
USMK,6730,102C,40.86008505,-85.33525712,05/13/2024
CAMB,318,104N,49.98783222,-98.79697262,05/16/2024
USST,3422,103C,45.32466469,-94.3789857,05/17/2024
USPH,5217,161N,40.728276,-103.0721974,05/07/2024
USGO,2341,161C,46.83350589,-97.49479719,05/13/2024
USWA,7347,FLAME2,41.35069649,-96.26752206,05/17/2024
USST,4533,109N,43.9214868,-92.94204961,05/14/2024
USMK,4710,162C,42.71797728,-85.50965894,05/16/2024
USLT,6548,109N,41.44545735,-91.38493303,04/25/2024
USCL,7623,103N,39.69985518,-89.34992309,04/17/2024
USJA,4621,104C,43.19849945,-90.00979824,05/18/2024
USSL,6511,201C,41.99469774,-92.74550159,05/17/2024
USJN,8316,161N,39.42309799,-97.19597874,04/19/2024
USAD,4338,161N,44.08027709,-97.02917104,05/06/2024
USST,4515,106N,43.89910101,-93.74681008,05/17/2024
USBY,9540,101N,34.80972426,-91.6022682,03/30/2024
USST,4424,108N,43.74383449,-95.22503651,05/21/2024
USGO,1336,105N,48.76133678,-98.09018453,05/21/2024
USST,4520,103C,43.45612896,-91.86209871,05/18/2024
USGO,1321,191N,47.58843176,-99.07114531,05/16/2024
USPH,7243,107C,40.84902377,-99.70177636,04/19/2024
USGO,1321,161C,47.59473924,-99.06386778,05/16/2024
USST,4533,101N,43.92784526,-92.94349977,05/13/2024
USMA,5610,102N,42.49466532,-89.33620103,05/03/2024
USJN,8318,102N,38.14030353,-97.98388193,04/30/2024
USCL,6639,162N,40.61628475,-88.32838837,05/08/2024
USST,2431,105N,45.52511549,-94.86216369,05/15/2024
USCL,7612,106N,40.5703285,-90.80087763,04/25/2024
USPH,7303,102C,40.51026078,-98.89221381,04/22/2024
USCL,7603,106N,39.78202644,-90.02826558,04/15/2024
USAD,4C32,161N,43.63635442,-96.45383523,04/25/2024
USWA,7347,ROWRATIO,41.35047678,-96.267081,05/14/2024
USPH,5C10,162C,42.94454471,-98.67069075,05/16/2024
USCL,7623,104N,39.70177637,-89.35061085,04/17/2024
USWA,7C35,163N,40.72860984,-96.12139789,05/10/2024
USWA,7345,162N,41.55523681,-96.75119753,04/22/2024
USWA,6C35,161N,41.90792588,-96.98146231,05/11/2024
USSL,7520,102C,41.42820512,-92.57057186,05/18/2024
USSL,7420,107N,41.38957582,-95.03711448,04/23/2024
USWA,6C21,161N,41.62629257,-97.71618896,05/10/2024
USGO,3302,103C,46.26514177,-97.08248015,05/10/2024
USBY,8541,118N,37.07119397,-89.70903888,04/23/2024
USMK,4742,106N,42.01855504,-83.69323475,05/15/2024
USSL,7440,103C,41.4484003,-94.14263675,04/12/2024
USMA,5620,103C,41.80349891,-89.09855617,05/04/2024
USPH,6B17,161N,40.55934096,-101.6930595,05/02/2024
USMA,5F32,161N,42.33818107,-88.52836575,05/01/2024
USST,4424,112N,43.74371848,-95.22501608,05/20/2024
USJN,8B09,164N,38.53319212,-101.2882861,04/24/2024
USSL,5420,102N,43.04382367,-95.14436154,05/20/2024
USAD,4C26,102N,44.36225572,-97.80010468,05/20/2024
USCL,763S,202C,40.21640738,-88.92006359,05/11/2024
USPH,6320,110C,42.06444863,-97.9316679,05/11/2024
USMK,6734,102N,40.32035728,-85.76708374,05/05/2024
USST,2431,106N,45.52511278,-94.86270989,05/15/2024
USCL,7603,162N,39.78201987,-90.02940413,04/15/2024
USHI,8644,104N,37.72843621,-88.44613098,04/22/2024
USJN,8318,105C,38.14049804,-97.98556992,04/30/2024
USAD,5408,106N,43.12969498,-95.95068598,05/14/2024
USPH,6320,104N,42.06314262,-97.93184645,05/10/2024
USSL,7D06,161N,40.38004066,-93.79234894,04/11/2024
USCL,7603,103N,39.78202316,-90.02883485,04/15/2024
USST,3402,106N,45.38234717,-95.90651276,05/11/2024
USMA,6609,105N,41.37277006,-89.37558431,04/24/2024
CAMB,330,103N,49.553252,-97.08051886,05/14/2024
USSL,7520,203N,41.43085444,-92.43175955,04/25/2024
USAD,5408,107N,43.1294755,-95.9506886,05/14/2024
USGO,2402,191N,46.91612349,-96.66714234,05/09/2024
USST,2431,191C,45.52510308,-94.86466061,05/15/2024
USSL,6428,181N,41.86298691,-94.51296685,04/25/2024
USCL,7667,104C,39.63685792,-89.32976479,05/04/2024
USSL,5511,191N,42.63545968,-92.77175412,05/17/2024
USSL,7411,108N,41.16634084,-95.02848069,04/23/2024
CAAR,2837,102C,43.31792344,-80.61107764,05/09/2024
USPH,6B01,161C,41.31250722,-100.1624274,05/13/2024
USGO,1344,107N,47.80893368,-97.41474448,05/23/2024
USJA,4601,161N,44.08492823,-91.29181833,05/13/2024
USST,4532,105C,44.30095076,-93.07493549,05/13/2024
USHI,8702,106N,38.26652423,-87.63743581,05/11/2024
USSL,6511,303N,41.99300224,-92.73495733,05/15/2024
USLT,6530,103C,41.83009302,-91.02762432,05/06/2024
USAD,5330,104N,43.48067033,-97.58197741,05/09/2024
USSL,6511,108N,41.99425888,-92.74548352,05/15/2024
USAD,5330,106N,43.48067173,-97.58258021,05/09/2024
USMK,6G19,102C,40.25514948,-87.02009691,05/09/2024
USST,5D40,102C,43.64431386,-94.48953756,04/24/2024
USWA,7345,103N,41.55655178,-96.74244304,04/22/2024
USMA,6618,EMERGE,41.01753759,-89.69340595,04/09/2024
USJA,4625,101N,42.67642877,-88.86901105,05/16/2024
USLT,5514,102N,42.57160606,-91.60560417,05/16/2024
USWA,7345,107N,41.55567359,-96.7424435,04/23/2024
USJN,8218,104N,38.1061767,-100.8596965,04/29/2024
USAD,4342,202N,44.28238282,-96.63239718,05/15/2024
USST,4532,106C,44.30117019,-93.07493792,05/14/2024
USST,4532,161N,44.29830378,-93.07233624,05/06/2024
USWA,8C15,161N,39.94958568,-96.40822508,04/10/2024
USCL,7603,107N,39.78202809,-90.02798094,04/15/2024
USSL,7420,211N,41.3846358,-95.03990287,04/23/2024
USAD,3320,103C,45.29659022,-98.31005807,05/11/2024
USWA,7337,162N,40.3229495,-95.91138329,04/24/2024
USWA,7C35,102C,40.72933114,-96.12159233,05/10/2024
USWA,7C01,162N,41.40414758,-96.99662764,05/01/2024
USWA,6C35,191C,41.90833521,-96.9763311,05/11/2024
USSL,5516,103C,42.29697551,-92.86562471,05/19/2024
USMK,5J20,F2,40.51295625,-77.67619278,05/09/2024
USAD,5330,102C,43.48423535,-97.58135886,05/08/2024
USGO,1316,102N,47.57389711,-100.927425,05/15/2024
USPH,6222,101C,41.21824904,-101.0584987,05/14/2024
USHI,8702,105N,38.26630456,-87.63743504,05/11/2024
USMA,6609,112N,41.37263303,-89.37727061,04/25/2024
USPH,7307,161C,39.40214179,-100.6633944,05/08/2024
USJA,4601,103N,44.08135642,-91.28461872,05/13/2024
USMK,6812,102N,41.02952798,-83.95293887,05/08/2024
USWA,7408,166N,40.59754181,-95.50003056,04/12/2024
USMK,6G19,103C,40.25500084,-87.01753297,05/09/2024
USWA,7408,103N,40.59753686,-95.49837414,04/11/2024
USSL,5424,104N,42.86224541,-94.67958177,05/13/2024
USMK,6812,161N,41.03052404,-83.94780593,05/08/2024
USJN,9C25,101,31.33218544,-97.13162862,03/20/2024
USST,4400,105N,43.57315285,-95.72328631,04/24/2024
CAAR,2833,163C,43.36236857,-80.91218691,05/16/2024
USCL,6639,192N,40.61584558,-88.3283867,05/08/2024
USBY,8541,119N,37.07119462,-89.70931307,04/24/2024
USAD,4342,113N,44.30518419,-96.70693676,05/17/2024
USMK,7727,268C,39.5833378,-85.93723687,04/25/2024
USSL,7520,181C,41.44466277,-92.43430473,05/18/2024
USGO,3302,106N,46.26228906,-97.08033133,05/10/2024
USSL,4439,161N,43.44313533,-94.03050125,04/25/2024
USAD,2338,161C,45.13232542,-97.10344624,05/18/2024
USMK,6734,214N,40.28441323,-85.87683556,05/04/2024
CAMB,330,102N,49.55344384,-97.08051844,05/14/2024
CAAR,2837,193N,43.31803259,-80.61043565,05/09/2024
USSL,6418,202N,41.86189912,-93.66474135,05/19/2024
USPH,7324,103C,40.86164817,-98.20668149,05/09/2024
USST,4533,104N,43.92148909,-92.94356769,05/13/2024
USLT,7528,105N,40.87314287,-91.86711434,05/18/2024
USMK,6G41,161C,41.06520861,-84.92450843,05/21/2024
USJA,3631,109N,43.67720488,-88.66758323,05/13/2024
USMA,6634,106N,41.21917671,-88.64780474,05/21/2024
USAD,4342,206N,44.28238298,-96.6311753,05/16/2024
USSL,7440,108N,41.44839063,-94.14409572,04/13/2024
USST,3402,104N,45.37568779,-95.90418348,05/11/2024
CAMB,343,101N,49.58273589,-98.09678025,05/18/2024
USAD,5C23,102C,43.51434716,-99.05080261,04/24/2024
USWA,8320,104N,40.28467111,-97.11760158,04/12/2024
USGO,3302,104N,46.26492241,-97.08247953,05/10/2024
USMK,6734,106N,40.31947893,-85.76709187,05/05/2024
USGO,1344,105N,47.80849512,-97.41473409,05/23/2024
USHI,8715,103N,38.24967637,-86.87260796,05/13/2024
USST,4520,105N,43.45569002,-91.8620965,05/18/2024
USAD,3343,102N,44.61370811,-96.66881285,05/18/2024
USMK,6734,109N,40.31895469,-85.76984685,05/05/2024
USCL,7612,103N,40.57032813,-90.80030172,04/24/2024
USBY,9539,103N,34.80391823,-91.08440612,04/17/2024
USWA,6C03,162N,42.75977567,-96.66744784,05/14/2024
USCL,6639,108N,40.61518683,-88.32838418,05/08/2024
USMA,6634,107N,41.22002792,-88.64780364,05/21/2024
USHI,8F35,103N,38.7908105,-88.06588122,05/04/2024
USST,4515,102N,43.9055774,-93.74784932,05/17/2024
USJA,4620,161N,42.97290573,-89.55276382,05/16/2024
USMK,4G34,101N,43.5277272,-83.59466967,05/10/2024
CAMB,323,104N,49.3924851,-98.01866147,05/13/2024
USMK,6812,106N,41.02952182,-83.95295733,05/08/2024
USST,4515,104N,43.89910363,-93.7465066,05/17/2024
USST,3F10,161N,44.75643095,-91.62136421,05/09/2024
USJA,5607,107N,42.57372395,-90.14339274,04/26/2024
USSL,6418,201N,41.86135601,-93.6532339,05/19/2024
USST,5D40,165N,43.6446009,-94.49104416,04/24/2024
USMA,5610,104N,42.49466097,-89.33679424,05/04/2024
USPH,6320,108N,42.06400958,-97.9316683,05/11/2024
USJN,8405,161C,39.1331119,-93.41114819,04/11/2024
USSL,6511,104N,41.99513659,-92.74551966,05/15/2024
USST,3601,101N,44.86204678,-92.7159505,05/09/2024
USLT,5514,105N,42.57159484,-91.60463909,05/16/2024
USPH,5213,104N,40.9893325,-101.4472477,05/06/2024
USJN,8B12,102C,35.39831774,-101.3213614,04/25/2024
USMA,6609,101N,41.37275813,-89.3766772,04/23/2024
USGO,2341,103C,46.83482286,-97.49535732,05/13/2024
USWA,7C27,161N,40.41659384,-96.95706776,04/15/2024
USBY,8541,107N,37.07111112,-89.70602552,04/22/2024
USAD,5330,105N,43.48067103,-97.58227881,05/09/2024
USLT,7Z39,103C,41.25635965,-91.36310961,04/23/2024
USCL,7632,101N,40.21441726,-88.90676991,04/22/2024
USSL,6418,413N,41.88316759,-93.71184958,05/16/2024
USMA,6601,105N,40.897273,-89.21426368,04/24/2024
USST,2432,103C,45.86506508,-95.08787218,05/16/2024
USST,5D40,101C,43.64072533,-94.49089903,04/24/2024
USPH,4B04,102C,41.52688561,-102.9510707,05/14/2024
USSL,6428,165C,41.86318067,-94.5125917,04/25/2024
USGO,1344,102C,47.80867079,-97.41318345,05/22/2024
USBY,8541,113N,37.0711907,-89.7076679,04/23/2024
USPH,7B34,161N,40.20336687,-100.8540695,04/22/2024
USAD,5408,161C,43.12751419,-95.95838746,05/14/2024
USCL,7637,103C,40.5200256,-89.36294995,05/21/2024
USGO,1321,102C,47.58843176,-99.07114531,05/16/2024
USGO,1333,107N,48.75938232,-97.62870849,05/20/2024
USSL,5404,106N,42.80495679,-95.88296534,05/14/2024
USLT,6530,101C,41.83004157,-91.02765226,05/06/2024
USSL,5404,104N,42.80495577,-95.88236915,05/14/2024
USJN,8307,103C,39.05164911,-95.54823252,04/10/2024
USWA,7319,104N,40.76457778,-97.95711641,05/06/2024
USCL,7612,104N,40.57032832,-90.80058967,04/25/2024
USST,3D01,161N,45.28201285,-95.41933438,05/10/2024
USPH,7243,106C,40.8488042,-99.7017782,04/21/2024
USLT,5514,107C,42.57158793,-91.60404519,05/16/2024
USJN,8B38,102C,37.43735574,-98.57458958,04/23/2024
USST,4533,194N,43.92148379,-92.94007611,05/14/2024
USMK,6734,217C,40.28442601,-85.87772477,05/05/2024
USJN,8318,103N,38.14195711,-97.98440895,04/30/2024
USAD,4335,EMERGE,44.30690539,-96.66810521,04/23/2024
USGO,1314,161N,47.20644164,-100.9473248,05/16/2024
USJN,9C26,191C,36.24827964,-101.9544399,04/30/2024
USJA,3F01,103N,44.44613836,-90.96608343,05/14/2024
USHI,8702,107N,38.26562258,-87.63743264,05/11/2024
USSL,6415,108N,42.68830744,-93.83650475,05/14/2024
USBY,9544,102N,34.25203934,-91.33684663,04/15/2024
USHI,7F08,163N,39.23321653,-88.40269896,05/15/2024
USJA,4601,191N,44.08113698,-91.28462062,05/13/2024
USCL,7623,191N,39.70205089,-89.35061258,04/18/2024
USJN,8C04,162C,37.7920051,-98.04961839,04/23/2024
USST,4Z01,161N,43.98393827,-92.20780827,05/18/2024
USMA,5711,161N,41.38554403,-86.96757278,05/11/2024
USJN,7203,104N,37.54986934,-101.5505858,05/01/2024
USMA,6601,104N,40.89727105,-89.21455304,04/22/2024
USSL,6511,106N,41.99469774,-92.74550159,05/15/2024
USWA,7D11,101C,41.0295988,-95.13525786,04/23/2024
USCL,763S,101N,40.21777201,-88.92054379,04/15/2024
USJN,8318,161N,38.14348946,-97.99019512,04/30/2024
USMA,6609,102N,41.37277516,-89.37816604,04/23/2024
USGO,1333,105N,48.75982086,-97.62870694,05/20/2024
USGO,1326,104N,47.53997097,-98.26983079,05/16/2024
USBY,9511,102N,32.61521037,-91.54141883,04/03/2024
USST,3F10,162N,44.76202346,-91.61674126,05/09/2024
CAAR,847,101C,43.83155157,-80.23181661,05/07/2024
USJA,4620,104N,42.9660759,-89.56030957,05/17/2024
CAAR,3831,101C,43.08080401,-81.20624758,04/26/2024
USAD,4C44,191N,44.30338,-96.69940756,05/15/2024
USSL,7420,103N,41.39010259,-95.03804757,04/23/2024
USMK,5704,161N,41.8153206,-85.56993868,05/02/2024
USBY,9511,103N,32.61499113,-91.54155022,04/03/2024
USMA,6634,105N,41.21895716,-88.64780233,05/22/2024
USMA,6601,106N,40.90144668,-89.21402332,04/24/2024
USBY,9533,161N,34.50213466,-90.62351546,04/05/2024
USST,4531,101C,44.47827391,-93.0298427,05/08/2024
USST,3437,105N,44.70071186,-94.91471647,05/17/2024
USCL,7632,103N,40.20565496,-88.85810054,04/22/2024
USAD,5408,102C,43.13049236,-95.95521676,05/14/2024
USWA,7347,FLOWER,41.3512431,-96.26663449,05/09/2024
USSL,64H8,103C,41.92204676,-93.66053439,05/17/2024
USPH,7B45,103C,40.57927182,-99.71523638,05/17/2024
USWA,73H1,101C,41.39337123,-96.63487702,04/23/2024
USPH,7311,107N,40.58314252,-98.15875246,04/25/2024
USGO,1344,161C,47.80872086,-97.4091655,05/22/2024
USMK,6821,103C,40.68803596,-83.20276711,04/29/2024
USAD,4332,105N,43.62173158,-96.47077323,05/13/2024
USSL,7520,106C,41.42908333,-92.57057112,05/18/2024
USMK,4742,161N,42.0205806,-83.68405489,05/14/2024
USGO,1336,102N,48.76132884,-98.09109652,05/21/2024
USMA,5610,168N,42.49465443,-89.33768406,05/04/2024
USST,5D40,163C,43.64388768,-94.49105555,04/24/2024
USSL,5516,102C,42.29675599,-92.8656241,05/19/2024
USAD,2338,105N,45.13357655,-97.10386331,05/18/2024
USST,2431,109N,45.52510813,-94.86364623,05/15/2024
USAD,3343,103N,44.61370763,-96.66904325,05/18/2024
USST,4424,106N,43.74427341,-95.22503997,05/20/2024
USMK,6734,213N,40.28441152,-85.87654883,05/04/2024
USSL,6415,104N,42.68831377,-93.83769488,05/14/2024
USSL,6418,401C,41.92206476,-93.66281765,04/10/2024
USST,4533,113N,43.92148495,-92.94083514,05/14/2024
USMK,6734,105N,40.31969852,-85.76708984,05/05/2024
USCL,7F06,161N,40.47849128,-89.75549714,05/19/2024
USAD,5C23,161C,43.52082998,-99.05045885,04/24/2024
USJN,8405,107N,39.13310259,-93.40919542,04/12/2024
USBY,9539,101N,34.80617319,-91.0838177,04/17/2024
USST,3437,102C,44.70137013,-94.9147213,05/16/2024
USCL,7632,104N,40.20543536,-88.85809993,04/22/2024
USGO,1333,103C,48.76009495,-97.62870596,05/20/2024
USWA,7408,165N,40.59753966,-95.49931038,04/12/2024
USJA,3631,101N,43.68049843,-88.66967032,05/10/2024
USST,2540,164N,45.77725556,-94.07052417,05/17/2024
USGO,1326,103C,47.53977187,-98.26788275,05/16/2024
USPH,7243,109N,40.84946295,-99.70178506,04/20/2024
USJA,462S,E012C,42.67067309,-88.96194985,05/06/2024
USSL,6416,166N,42.18127205,-94.60098869,04/24/2024
USSL,6416,104N,42.18171094,-94.60084028,04/24/2024
USWA,7C32,162N,41.02948747,-97.10037378,04/30/2024
USMK,9H21,101,31.51087619,-83.54762941,04/01/2024
USCL,7632,202N,40.21470247,-88.90759611,04/22/2024
USST,3408,105N,44.96719358,-94.91636123,05/14/2024
USGO,1336,161N,48.76132523,-98.09151107,05/21/2024
USMA,6609,107N,41.37276608,-89.3759486,04/24/2024
USGO,2328,102C,47.12360165,-98.19585339,05/21/2024
USGO,1326,102C,47.53955258,-98.26787779,05/16/2024
USPH,7243,102C,40.84760287,-99.70180584,04/20/2024
USJN,8318,104N,38.14217676,-97.98440505,04/30/2024
USPH,6310,103C,42.4979242,-98.72676282,05/03/2024
USSL,5420,107N,43.04492097,-95.14433719,05/20/2024
USWA,7345,104N,41.55633224,-96.74244315,04/22/2024
USMA,5620,111N,41.80285596,-89.10284815,05/04/2024
USST,4524,184C,43.5149993,-92.61455821,05/15/2024
USGO,1333,191N,48.76037389,-97.6318557,05/17/2024
USGO,2402,105N,46.91731418,-96.66520176,05/09/2024
USST,3601,106C,44.85237699,-92.71480311,05/09/2024
USSL,7520,206N,41.43085992,-92.43292643,04/25/2024
USPH,5B03,161N,41.0187186,-102.4103709,05/09/2024
USSL,6511,107N,41.99447831,-92.74549255,05/15/2024
USMK,6734,269N,40.31816786,-85.76977475,05/05/2024
CAAR,849,101N,43.87535705,-80.60081566,05/22/2024
USBY,8541,114N,37.07119136,-89.70794209,04/23/2024
USSL,5431,103N,43.16289607,-93.9171623,05/18/2024
USMK,7727,205N,39.58245766,-85.93776276,04/25/2024
USSL,5404,105N,42.80495628,-95.88266725,05/14/2024
USSL,6418,102N,41.86256346,-93.65323251,05/19/2024
USCL,7612,107N,40.57032886,-90.80145354,04/25/2024
USJN,8220,191C,37.54725368,-100.7983604,04/24/2024
USST,4533,112N,43.92148542,-92.94113876,05/14/2024
USLT,6530,102C,41.83036743,-91.02762825,05/06/2024
USST,4442,102N,43.95336704,-94.62361341,05/20/2024
USGO,1333,161C,48.76117057,-97.62237755,05/17/2024
USCL,7F20,101C,40.55480602,-89.43902949,04/17/2024
USMK,7727,104N,39.59059385,-85.94689022,04/25/2024
USSL,6430,194C,42.24983646,-94.3636089,05/16/2024
USHI,7F01,161N,39.27455916,-89.33796164,04/18/2024
USAD,3320,106N,45.29702902,-98.31005332,05/11/2024
USJA,3631,110N,43.67720425,-88.6679612,05/13/2024
USST,4533,110N,43.92148634,-92.94174599,05/14/2024
USHI,8702,102N,38.26757978,-87.63310572,05/11/2024
USJA,4620,107N,42.96608344,-89.56120613,05/17/2024
USWA,7D11,102C,41.02959844,-95.13489543,04/23/2024
USGO,2339,161N,47.06416544,-96.92068167,05/15/2024
USMK,7H04,102C,39.9082337,-84.66626779,05/13/2024
USJA,4620,105N,42.96607842,-89.56060842,05/17/2024
USMK,6821,161C,40.70107419,-83.19344061,04/29/2024
USSL,6511,110N,41.99382003,-92.74546545,05/15/2024
USJA,4617,EMERGE,42.99991303,-89.45670703,04/15/2024
USMA,5610,105N,42.49465879,-89.33709084,05/04/2024
USSL,7520,201N,41.42979308,-92.57056923,04/24/2024
USPH,6202,101C,40.58265977,-99.71697906,05/17/2024
USMA,6609,113N,41.37277835,-89.3778746,04/25/2024
USLT,5Z30,101C,42.57669743,-91.71747873,05/15/2024
USWA,8320,109N,40.28763481,-97.11948276,04/12/2024
USJN,8C09,161N,37.96329621,-97.51114568,04/15/2024
USSL,6511,301N,41.99349089,-92.7454519,05/15/2024
USMK,6821,104N,40.68803608,-83.20247865,04/29/2024
USJA,4625,186C,42.67749047,-88.88789891,05/17/2024
USCL,6614,105N,40.91289811,-89.85007766,05/13/2024
USAD,4332,102N,43.62330163,-96.47244442,05/13/2024
USMK,4742,108N,42.01877694,-83.69332734,05/15/2024
USSL,6Z01,161N,41.79330163,-92.26110058,04/25/2024
USPH,6C02,102C,42.15098388,-98.24268708,05/11/2024
USMK,7G03,161N,39.8984444,-86.65320983,05/08/2024
USST,4400,102N,43.57381126,-95.72328642,04/23/2024
USPH,6C17,161N,41.13984349,-97.98101503,04/12/2024
USST,4441,104C,43.8292183,-93.72229681,05/18/2024
CAAR,1H48,161N,43.66870676,-80.87043588,05/21/2024
USST,3437,104C,44.70093128,-94.91471808,05/17/2024
USAD,3320,191N,45.29746781,-98.31004857,05/10/2024
USSL,7420,205N,41.38530304,-95.04141104,04/23/2024
USSL,6511,103N,41.99535602,-92.74552869,05/15/2024
USST,3402,103C,45.37590717,-95.90417962,05/11/2024
USST,3437,161N,44.70485226,-94.91516401,05/16/2024
USSL,5D10,102N,42.69021667,-95.391035,05/13/2024
CAAR,2840,104C,43.61425776,-80.50633306,05/21/2024
CAMB,318,103N,49.98782741,-98.79663268,05/16/2024
USMK,8943,F1,38.72296423,-75.81957562,05/13/2024
USST,4424,103C,43.74493179,-95.22504517,05/20/2024
USJA,3633,102N,43.887911,-88.71550262,05/14/2024
USST,5D40,164N,43.64405227,-94.49105292,04/24/2024
USCL,7F17,161N,40.36590432,-90.51879227,04/17/2024
USJN,8C34,163N,37.78394725,-94.93354823,04/17/2024
USPH,7307,103C,39.40455329,-100.6608565,05/08/2024
USAD,4342,208N,44.28238306,-96.63056436,05/16/2024
USWA,6D16,101N,41.64062879,-95.48177126,04/15/2024
USHI,8G11,103N,36.85675764,-88.72618147,04/23/2024
USMA,6609,164N,41.37730071,-89.37405545,04/26/2024
USPH,6310,104C,42.49770469,-98.72676445,05/03/2024
USCL,7632,107N,40.20477656,-88.85809813,04/22/2024
USSL,7520,302N,41.43813497,-92.43493418,04/24/2024
USLT,5514,110C,42.57157756,-91.60315435,05/17/2024
USLT,6548,107N,41.44546041,-91.38551661,04/24/2024
USWA,7349,103N,41.87331624,-96.21789066,05/11/2024
USMK,5G22,101N,41.49134545,-85.99564445,05/20/2024
USBY,9539,102N,34.80391913,-91.08413964,04/17/2024
USST,4531,162N,44.47876699,-93.03456356,05/06/2024
USSL,6418,106N,41.86168532,-93.65323352,05/19/2024
USAD,5330,191N,43.48226009,-97.58136759,05/08/2024
USST,4531,901N,44.47260888,-93.04200137,04/15/2024
USPH,5B40,101C,42.58558904,-99.93090222,05/15/2024
USST,3601,187C,44.85237048,-92.71375106,05/09/2024
USSL,6415,107N,42.68830902,-93.83680228,05/14/2024
USGO,2341,115N,46.83746314,-97.49374214,05/14/2024
USAD,4332,104N,43.6216459,-96.47136951,05/13/2024
USMK,5J20,F1,40.51434112,-77.67943919,05/09/2024
USSL,6418,412C,41.88316648,-93.71155581,05/16/2024
USST,4520,192C,43.45178897,-91.86284047,05/18/2024
USMK,4732,191N,42.65222786,-84.23418129,05/01/2024
USST,2431,110N,45.52510657,-94.86395835,05/15/2024
USST,3408,104N,44.967413,-94.91636207,05/13/2024
USJN,7203,103N,37.5498725,-101.5503099,05/01/2024
USGO,2402,102C,46.91924133,-96.67100638,05/09/2024
USST,4527,104C,43.53268506,-92.62233779,05/15/2024
USJN,8218,161C,38.10617202,-100.8600439,04/29/2024
USSL,7440,102C,41.44840223,-94.14234496,04/12/2024
USJN,8316,191C,39.43352811,-97.1955993,04/20/2024
USCL,6639,107N,40.61540641,-88.32838502,05/08/2024
USCL,6F37,161N,40.77862491,-88.07777242,05/06/2024
CAAR,2840,103C,43.61447544,-80.50629455,05/20/2024
USAD,2338,186C,45.13357655,-97.10386331,05/18/2024
USSL,5500,105N,42.80372154,-93.19126177,05/15/2024
USCL,7664,104C,40.01947944,-88.69353662,05/03/2024
USMK,7821,104N,39.48504088,-83.51283505,04/24/2024
USJN,8316,102C,39.42310607,-97.19629761,04/20/2024
USGO,3302,102C,46.26536114,-97.08248077,05/10/2024
USJA,4601,102N,44.08113698,-91.28462062,05/13/2024
USAD,4342,108N,44.30463903,-96.70540132,05/16/2024
USST,4424,111N,43.74393794,-95.22501781,05/20/2024
USPH,7303,161C,40.51684589,-98.89461126,04/22/2024
USJA,3631,106N,43.67720676,-88.6664493,05/10/2024
USSL,6428,104C,41.86308019,-94.51258109,04/25/2024
USGO,1314,102N,47.20629459,-100.941463,05/16/2024
USSL,7420,105N,41.3898392,-95.03758102,04/23/2024
USBY,8541,104N,37.07110914,-89.70520293,04/22/2024
USCL,7623,102N,39.6995807,-89.34991658,04/17/2024
USWA,7319,166N,40.76489899,-97.95436243,05/06/2024
USWA,6D08,163N,42.05388165,-95.71175258,04/15/2024
USSL,5420,109C,43.0453599,-95.14432745,05/20/2024
USSL,5420,105N,43.04448205,-95.14434693,05/20/2024
USSL,6511,307N,41.99300241,-92.73407449,05/16/2024
USJA,4601,105N,44.08157587,-91.28461682,05/13/2024
USST,4532,187C,44.30138963,-93.07494035,05/14/2024
USJN,8318,106C,38.14049816,-97.98584807,04/30/2024
USSL,64H8,102C,41.92204942,-93.66112229,05/17/2024
USJN,9C16,101,30.59040584,-97.55223972,03/29/2024
USAD,4342,205N,44.28238294,-96.63148077,05/16/2024
USWA,7319,196C,40.76901279,-97.95472334,05/06/2024
USSL,641N,101C,41.88027819,-93.70423542,04/22/2024
USAD,3320,161N,45.29824296,-98.31000374,05/10/2024
USJN,8307,102C,39.05164633,-95.54788043,04/10/2024
USCL,6614,104N,40.91282789,-89.84935637,05/13/2024
USST,3402,168N,45.3754684,-95.90418735,05/11/2024
CAAR,2840,165C,43.61404009,-80.50637157,05/21/2024
USJA,4621,102C,43.19910302,-90.00979231,05/18/2024
CAAR,3835,193N,43.49155237,-81.45827388,05/16/2024
USSL,6511,101N,41.99617519,-92.73703641,05/15/2024
USSL,6418,406C,41.88315923,-93.70964629,05/16/2024
USST,3422,102C,45.32466374,-94.37867468,05/17/2024
USHI,8G08,162C,37.55172467,-87.41001388,04/26/2024
USPH,5213,161N,40.99547628,-101.4510436,05/06/2024
USAD,4C18,161N,43.69366619,-98.38529045,04/24/2024
USCL,6639,181C,40.61716535,-88.32950484,05/08/2024
USAD,4C44,161N,44.30380934,-96.70633298,05/15/2024
USAD,4332,197C,43.62216879,-96.47195229,05/13/2024
USBY,8541,109N,37.07113315,-89.70657132,04/23/2024
USHI,8602,191N,38.65465561,-89.7962222,05/19/2024
USMA,5711,193N,41.38866153,-86.9682007,05/18/2024
USPH,7311,109N,40.58313635,-98.15858705,05/01/2024
USSL,6511,105N,41.99491717,-92.74551062,05/15/2024
USPH,6320,161C,42.06510615,-97.93756984,05/11/2024
USST,3408,103N,44.96763241,-94.91636291,05/13/2024
USSL,5420,103N,43.04382367,-95.14436154,05/20/2024
USJA,4625,164C,42.67748919,-88.88849389,05/17/2024
USST,3601,102N,44.85237514,-92.71511157,05/09/2024
USJN,8218,105N,38.1061944,-100.8590652,04/29/2024
CAMB,330,104N,49.55303276,-97.08051934,05/14/2024
USSL,7420,183C,41.38878564,-95.03571486,04/24/2024
USLT,7528,103N,40.87358201,-91.86710993,05/18/2024
USST,4442,108N,43.95172654,-94.62454324,05/20/2024
USSL,6418,104N,41.86212439,-93.65323301,05/19/2024
USWA,7345,191C,41.56098657,-96.74197628,04/23/2024
USST,4515,105N,43.89910626,-93.74620312,05/17/2024
USLT,6548,201C,41.44544853,-91.38325527,04/12/2024
USST,4515,167N,43.89911152,-93.74559616,05/18/2024
USPH,6320,101N,42.06660318,-97.94125247,05/09/2024
USSL,6416,102N,42.18214796,-94.60080197,04/23/2024
USMK,4742,105N,42.01872258,-83.69323877,05/14/2024
USGO,2341,110N,46.83636642,-97.49374656,05/14/2024
USST,3601,168C,44.85237232,-92.7134426,05/10/2024
USMA,5F12,102C,41.68898277,-90.25727564,04/25/2024
USMK,6821,102C,40.68803584,-83.20305557,04/29/2024
USSL,5420,161C,43.04579882,-95.14431771,05/20/2024
USST,4520,161C,43.4571389,-91.86236035,05/18/2024
USST,2431,104N,45.52511704,-94.86185158,05/15/2024
USAD,5408,105N,43.12991446,-95.95068335,05/14/2024
USPH,6310,165C,42.49748519,-98.72676607,05/04/2024
USBY,9539,104N,34.80391733,-91.08467259,04/17/2024
USAD,4342,207N,44.28238302,-96.63086983,05/16/2024
USPH,6320,105N,42.06336215,-97.93184625,05/10/2024
USMA,5610,106N,42.49465661,-89.33738745,05/04/2024
USSL,4439,103N,43.44164114,-94.03454949,04/25/2024
USWA,7349,165N,41.87331438,-96.21767038,05/11/2024
USHI,7Z16,162N,39.50801822,-91.19058499,04/15/2024
USGO,3302,107N,46.26470304,-97.08247892,05/10/2024
USJA,3631,114N,43.67701482,-88.66813611,05/13/2024
USJA,5607,106N,42.57394346,-90.14339295,04/25/2024
USAD,4342,201N,44.30518419,-96.70693676,05/15/2024
USCL,7F20,102C,40.55300566,-89.43897757,04/17/2024
USCL,7603,181C,39.78505797,-90.03046506,04/15/2024
USSL,4438,104N,43.39594805,-94.66080034,05/17/2024
USMA,6F15,102C,41.7425663,-89.24749422,05/07/2024
USJN,8218,102C,38.11254237,-100.8638898,04/29/2024
USSL,6418,410C,41.88316426,-93.71096826,05/16/2024
USCL,7632,105N,40.20521576,-88.85809933,04/22/2024
USSL,5420,106N,43.04470151,-95.14434206,05/20/2024
USPH,7303,109C,40.51013028,-98.88898786,04/22/2024
USAD,3C18,161C,45.63442678,-98.7044456,05/22/2024
USAD,2C34,161N,45.44147069,-99.04975409,05/23/2024
USWA,7347,CMS,41.35163851,-96.2666362,05/17/2024
USAD,4342,114N,44.30518341,-96.70716595,05/17/2024
USHI,8G11,162N,36.85629161,-88.72627359,04/23/2024
USSL,5500,107C,42.8037133,-93.19066569,05/15/2024
CAAR,3838,EMERGE,42.74975,-80.73148311,04/26/2024
USJA,3633,103N,43.887966,-88.71570979,05/14/2024
USMK,6811,161N,41.32370412,-84.18280019,05/20/2024
USCL,7603,105N,39.7820248,-90.02855022,04/15/2024
USMA,5620,108N,41.8035029,-89.10103614,05/04/2024
USSL,4439,104N,43.44164066,-94.03470009,04/25/2024
USST,3437,191N,44.70137013,-94.9147213,05/16/2024
USJA,3631,103N,43.68041603,-88.66892134,05/10/2024
USGO,1316,104N,47.56039906,-100.9243525,05/15/2024
USSL,6418,409C,41.88316314,-93.71067449,05/16/2024
USAD,434N,VIG,44.30651323,-96.70803003,04/19/2024
USSL,7520,304N,41.43813797,-92.43435067,04/25/2024
USJN,8316,104N,39.42317905,-97.19581484,04/20/2024
USWA,6D16,163N,41.64128743,-95.48118592,04/15/2024
USMK,6734,111N,40.31851551,-85.76985091,05/05/2024
USST,2431,108N,45.52510968,-94.86333412,05/15/2024
USST,2432,101N,45.87549164,-95.0893802,05/16/2024
USJA,3F38,102C,43.55825894,-88.03621723,05/18/2024
USSL,5431,191N,43.16525449,-93.91684734,05/18/2024
USSL,6418,107N,41.86146578,-93.65323377,05/19/2024
USPH,7243,105C,40.84858463,-99.70178004,04/21/2024
USSL,6511,263N,41.98966766,-92.73892208,05/17/2024
USLT,6540,103N,41.59179081,-90.76237018,05/05/2024
USWA,8D04,161N,39.95385918,-95.17515613,04/12/2024
USJA,462N,EO10N,42.66406472,-88.95345182,05/04/2024
CAMB,330,161N,49.55281352,-97.08051981,05/14/2024
USJA,3631,108N,43.67720551,-88.66720525,05/11/2024
USAD,4342,105N,44.30464273,-96.70448458,05/16/2024
USPH,5213,105N,40.98933039,-101.446958,05/06/2024
USLT,7528,166N,40.87292331,-91.86711654,05/18/2024
USAD,4332,167N,43.62173426,-96.47016903,05/13/2024
USGO,2C26,161N,46.60091311,-98.70467472,05/12/2024
USPH,7324,101C,40.86510242,-98.19733825,05/09/2024
USSL,5404,107N,42.8049573,-95.88326344,05/14/2024
USGO,1326,191N,47.53998948,-98.26804964,05/16/2024
USLT,6548,110N,41.44545582,-91.38464125,04/25/2024
CAAR,3H45,161N,42.94254839,-80.90043818,05/08/2024
USST,4442,110N,43.95665877,-94.62357633,05/20/2024
USMA,5620,113N,41.80350214,-89.10162296,05/04/2024
USPH,7B45,161C,40.58265977,-99.71697906,05/17/2024
USST,4524,162C,43.51499738,-92.61485977,05/15/2024
USMK,4710,101C,42.71497282,-85.51096642,05/16/2024
USWA,7408,102N,40.59753599,-95.49808607,04/11/2024
USMA,5F32,103N,42.33591384,-88.5304111,05/01/2024
USSL,6418,467N,41.88316035,-93.70994006,05/16/2024
USHI,8715,161N,38.24927733,-86.87376473,05/13/2024
USST,3402,101C,45.38385053,-95.91007341,05/11/2024
USST,4531,105C,44.48181134,-93.03430446,05/06/2024
USJA,5607,183C,42.57460199,-90.14339358,04/25/2024
USBY,8648,101N,36.04775239,-89.33648498,04/25/2024
USCL,763S,103C,40.21679227,-88.91828701,05/11/2024
USMK,9J03,101,36.32976187,-76.47818061,04/09/2024
USST,2431,161C,45.52511394,-94.86247581,05/15/2024
USGO,1336,104N,48.76133606,-98.09026744,05/21/2024
USAD,4342,103C,44.30464551,-96.70379704,05/16/2024
USST,4442,161N,43.95156396,-94.62488682,05/20/2024
USBY,9533,101N,34.5018865,-90.62337297,04/05/2024
USJN,8D32,102C,39.00758367,-93.70188637,04/11/2024
USPH,7B36,161N,40.21981228,-100.891002,04/22/2024
USWA,6D08,101N,42.0532329,-95.71136404,04/15/2024
USWA,7D11,164N,41.02954419,-95.1355479,04/23/2024
USAD,4342,102C,44.30464489,-96.70394982,05/16/2024
USJA,4625,102N,42.67748791,-88.88908886,05/16/2024
USST,2432,102N,45.86505748,-95.08842177,05/16/2024
USMK,5704,102N,41.81003214,-85.56395456,05/02/2024
USLT,6548,102N,41.44546728,-91.38682964,04/24/2024
USPH,7303,107N,40.51011317,-98.89024844,04/23/2024
USMK,4732,102N,42.65224569,-84.23364445,05/02/2024
USAD,3C26,161C,45.69672282,-97.9168487,05/22/2024
USWA,6C03,101N,42.76035257,-96.66965905,05/14/2024
USHI,8644,103N,37.72843903,-88.44613102,04/22/2024
USGO,2402,112N,46.91612349,-96.66714234,05/09/2024
USCL,7636,103N,39.86477605,-88.37903557,04/21/2024
USPH,6C02,161C,42.15434737,-98.24291297,05/11/2024
USMA,5620,109N,41.80350365,-89.10044931,05/04/2024
USAD,4D01,102C,43.91336851,-96.33061925,05/16/2024
USPH,7C09,101N,39.40834896,-100.655243,05/08/2024
USMA,6609,111N,41.37263621,-89.37711208,04/25/2024
USJA,4620,103N,42.96607338,-89.56001071,05/17/2024
USST,4424,113N,43.74349902,-95.22501435,05/20/2024
USJN,7203,102N,37.55344461,-101.5501674,05/01/2024
USSL,7420,261N,41.38898318,-95.03606476,04/22/2024
USSL,7420,109N,41.38931242,-95.03664794,04/23/2024
USMK,6725,163C,40.70234317,-85.82846367,05/22/2024
USMA,6609,110N,41.37263939,-89.37682065,04/25/2024
USMK,6734,107N,40.31920444,-85.76709442,05/05/2024
USBY,9602,104N,33.34068807,-91.04719053,04/05/2024
USAD,3C18,102C,45.63662017,-98.69700355,05/22/2024
USMA,6601,197N,40.89726517,-89.21542112,04/24/2024
USST,4532,104N,44.30073132,-93.07493305,05/13/2024
USSL,7420,104N,41.3899709,-95.0378143,04/23/2024
USJN,8C04,103C,37.79200207,-98.05065655,04/23/2024
USMK,6734,216C,40.28442306,-85.87743806,05/04/2024
USST,2540,103N,45.77747494,-94.07052744,05/17/2024
USPH,3B12,102N,42.13603081,-102.9366857,05/14/2024
USAD,434S,101C,44.30534743,-96.70633036,05/17/2024
USWA,8320,103N,40.28466912,-97.11731485,04/11/2024
USPH,6B17,102N,40.55618785,-101.6853331,05/02/2024
USST,4524,103C,43.51499547,-92.61516133,05/15/2024
USST,3402,102C,45.37612655,-95.90417575,05/11/2024
USCL,7603,104N,39.78202316,-90.02883485,04/15/2024
USSL,6415,106N,42.6883106,-93.83709981,05/14/2024
USCL,6639,103N,40.61606516,-88.32838753,05/08/2024
USHI,7F08,162N,39.23327491,-88.40150257,05/15/2024
USCL,7621,104C,40.78195157,-88.93948935,05/20/2024
USAD,4338,102N,44.08060693,-97.03314493,05/06/2024
USJN,8C04,104C,37.79200555,-98.05037974,04/23/2024
USMA,6601,102N,40.90028067,-89.21610712,04/22/2024
USPH,4B05,161C,41.33555372,-103.2626759,05/13/2024
USMA,5610,103N,42.49466315,-89.33649763,05/03/2024
CAAR,5H04,192N,42.54617722,-82.35841988,05/18/2024
USST,4424,102C,43.74515125,-95.2250469,05/20/2024
USSL,7520,207N,41.43086128,-92.43321815,04/25/2024
USSL,7420,209N,41.38485822,-95.04040559,04/23/2024
CAMB,323,105N,49.39248566,-98.01832558,05/13/2024
USMA,6F15,163C,41.74211848,-89.24831488,05/07/2024
USJA,3631,104N,43.67722352,-88.66904074,05/10/2024
USSL,4439,102N,43.44164234,-94.03417299,04/25/2024
USHI,8702,161N,38.26732716,-87.63555005,05/12/2024
USWA,7347,ETHEPHON,41.35048483,-96.26709978,04/23/2024
USAD,4C32,191N,43.61539894,-96.42199036,04/25/2024
USJA,462N,EO14C,42.66408525,-88.9550093,04/11/2024
USST,4533,111N,43.92148588,-92.94144238,05/14/2024
USCL,7636,102N,39.86477741,-88.37932055,04/21/2024
USGO,2341,112N,46.83680511,-97.49374479,05/14/2024
USWA,7345,108N,41.55545405,-96.74244362,04/23/2024
USCL,763S,102N,40.21627045,-88.92152259,05/11/2024
USWA,6334,105N,42.16802216,-96.99753809,04/25/2024
USSL,5516,101C,42.30352384,-92.8708555,05/19/2024
USAD,4342,109N,44.30463779,-96.7057069,05/16/2024
USMK,6812,103N,41.02951517,-83.95353716,05/08/2024
USWA,7319,102N,40.7645924,-97.95567257,05/06/2024
USAD,3343,161N,44.61501775,-96.67340766,05/18/2024
USST,4533,102N,43.92149,-92.94417492,05/13/2024
USLT,5Z30,162C,42.57669562,-91.71784998,05/16/2024
USPH,5217,103C,40.72870623,-103.0743653,05/07/2024
USCL,7612,161N,40.57534967,-90.8027122,04/24/2024
USPH,7311,106N,40.58314251,-98.15904047,04/25/2024
USCL,6639,104N,40.61314948,-88.32815938,05/08/2024
USSL,5424,105N,42.86246491,-94.6795809,05/13/2024
USGO,2341,108N,46.83592773,-97.49374833,05/14/2024
USWA,7319,103N,40.76458143,-97.95675545,05/06/2024
USMK,4732,104N,42.65225948,-84.23334767,05/03/2024
USSL,5500,106C,42.80371742,-93.19096373,05/15/2024
USCL,6F02,161N,41.07026655,-90.39955743,04/24/2024
CAAR,3H30,102C,43.16917076,-81.17707079,05/10/2024
USST,2431,111N,45.52510502,-94.86427046,05/15/2024
USPH,6310,102N,42.49814371,-98.7267612,05/03/2024
USLT,6548,104N,41.44546499,-91.38639196,04/24/2024
USPH,7311,181C,40.53859802,-98.41122791,04/24/2024
USJA,3F25,102C,44.00708078,-89.13184932,05/15/2024
USST,2431,107N,45.52511123,-94.86302201,05/15/2024
USBY,8541,117N,37.07119331,-89.70876468,04/23/2024
USBY,8541,108N,37.0711325,-89.70629712,04/23/2024
USBY,9511,104N,32.61477126,-91.54155172,04/03/2024
USJA,4621,103C,43.19893841,-90.00979393,05/18/2024
CAMB,318,101N,49.98840674,-98.79934469,05/16/2024
USST,2432,104C,45.86505434,-95.08810779,05/16/2024
USSL,5511,104N,42.63524017,-92.7717544,05/17/2024
CAAR,2833,101C,43.3612144,-80.91264293,05/16/2024
USJA,4F22,102N,43.30505702,-89.30514937,05/15/2024
USBY,9544,103N,34.25225912,-91.33685197,04/15/2024
USPH,7303,106N,40.51011211,-98.89053614,04/23/2024
USST,4533,108N,43.92148726,-92.94235322,05/14/2024
USST,4424,164N,43.7435627,-95.22497909,05/20/2024
USAD,4319,181C,44.64588716,-98.29625272,05/23/2024
USPH,7303,104N,40.51010997,-98.89111153,04/23/2024
USHI,8715,104N,38.24968396,-86.87232956,05/13/2024
USSL,6415,105N,42.68831219,-93.83739734,05/14/2024
USJA,4F22,161N,43.30544108,-89.30515561,05/15/2024
USSL,6418,414N,41.88316871,-93.71214335,05/16/2024
USMA,5711,191N,41.3872495,-86.96876919,05/17/2024
USJA,4625,110N,42.67749301,-88.88670896,05/18/2024
USST,4533,106N,43.92148817,-92.94296045,05/14/2024
USMK,6734,215N,40.28442012,-85.87715134,05/04/2024
USSL,4438,102N,43.39550909,-94.66080037,05/17/2024
USHI,8G11,161N,36.85850255,-88.72932101,04/23/2024
USGO,2341,111N,46.83658576,-97.49374568,05/14/2024
USJA,2634,161C,44.5843745,-88.24847669,05/15/2024
USCL,7632,287C,40.21472172,-88.90587761,04/22/2024
USWA,7326,193C,40.78549247,-97.86399351,05/09/2024
USSL,7520,204N,41.43085718,-92.43234299,04/25/2024
USJN,8405,102N,39.13310536,-93.41093684,04/11/2024
USLT,7Z39,161C,41.25745861,-91.365032,04/23/2024
USJA,5607,102C,42.57476662,-90.14339374,04/25/2024
USMK,6811,ENDROWS1,41.31563875,-84.18609752,05/20/2024
USSL,5424,191N,42.86180642,-94.6795835,05/13/2024
USGO,2402,110N,46.91621827,-96.66680346,05/09/2024
USMK,5G22,161N,41.48186953,-85.99623459,05/20/2024
USHI,8702,109N,38.26746484,-87.6363101,05/12/2024
USMA,6613,101C,41.74211848,-89.24831488,05/06/2024
USSL,6418,403C,41.88315588,-93.70876498,05/16/2024
USBY,9511,191N,32.61565931,-91.54329936,04/03/2024
USWA,7347,YIELD,41.35080874,-96.26217844,05/10/2024
USST,3601,105C,44.85238252,-92.71387774,05/09/2024
USAD,4338,104N,44.08060268,-97.0325361,05/06/2024
USJN,9C34,101,29.06841946,-95.96961822,03/15/2024
USLT,6548,105N,41.44546346,-91.38610018,04/24/2024
CAAR,2840,195N,43.61376799,-80.50641971,05/21/2024
USSL,6418,405C,41.88315812,-93.70935252,05/16/2024
USBY,8541,103N,37.07110848,-89.70492874,04/22/2024
USCL,7632,204N,40.21470568,-88.90730969,04/22/2024
USSL,7440,107N,41.44839256,-94.14380393,04/13/2024
USPH,7324,102C,40.86153839,-98.2066793,05/09/2024
USWA,7D11,165N,41.02888584,-95.13591146,04/23/2024
USJN,8C16,191N,39.40840541,-97.14541874,04/19/2024
CAMB,323,201C,49.39248671,-98.01769579,05/13/2024
USMA,5610,198N,42.49468228,-89.33815547,05/04/2024
USMA,5620,110N,41.80350327,-89.10074272,05/04/2024
USJA,4F22,101N,43.30985276,-89.31032959,05/15/2024
USAD,4D18,102C,44.36787243,-95.59499138,05/17/2024
USLT,5514,101N,42.5592247,-91.73105752,05/16/2024
USJA,5607,105N,42.57416297,-90.14339316,04/25/2024
CAAR,3835,101N,43.49440796,-81.45957075,05/16/2024
USMK,7727,207C,39.5836122,-85.93724766,04/25/2024
USCL,7632,201N,40.20416171,-88.85809127,04/22/2024
USGO,1321,103C,47.58843197,-99.07082112,05/16/2024
USSL,5511,103N,42.63502067,-92.77175467,05/17/2024
USSL,7411,107N,41.16634071,-95.02877124,04/22/2024
USGO,1333,102C,48.76037464,-97.63235318,05/20/2024
USST,4442,103N,43.96190165,-94.6378142,05/20/2024
USBY,8541,201N,37.07118579,-89.70951406,04/24/2024
USWA,7345,101N,41.55523681,-96.75119753,04/22/2024
USJN,8B09,163C,38.53701448,-101.2905827,04/24/2024
USMK,6730,103C,40.86030462,-85.33525711,05/13/2024
USPH,7324,104N,40.86164817,-98.20668149,05/09/2024
USSL,4438,161N,43.39970134,-94.66012834,05/17/2024
USCL,6639,105N,40.61584558,-88.3283867,05/08/2024
USBY,9602,191N,33.34193839,-91.04692325,04/05/2024
USWA,7408,104N,40.59836441,-95.49931483,04/11/2024
USPH,7B34,102C,40.19752042,-100.8553836,04/22/2024
CAAR,5H03,162N,42.48312481,-82.1686643,05/15/2024
USCL,6614,196C,40.91356271,-89.85034272,05/13/2024
USST,4531,186C,44.47861352,-93.04497225,05/06/2024
USBY,9530,101N,35.74330637,-90.5090049,04/12/2024
USSL,7420,206N,41.38519183,-95.04115967,04/23/2024
USWA,6C22,161N,41.62746664,-97.64842195,05/10/2024
USSL,6418,411C,41.88316537,-93.71126204,05/16/2024
USMA,6634,101N,41.22358731,-88.65577391,05/21/2024
USAD,3343,105N,44.61326751,-96.66965587,05/18/2024
USLT,5514,108C,42.57158447,-91.60374824,05/16/2024
USLT,7Z39,102C,41.25696554,-91.36270841,04/23/2024
USGO,2329,161C,46.65154194,-98.0822132,05/11/2024
USWA,7347,DRYER,41.35079386,-96.26636468,05/06/2024
USSL,7420,204N,41.38541424,-95.0416624,04/23/2024
USPH,6B04,161N,41.30639721,-100.1585924,05/13/2024
USHI,8715,102N,38.24966878,-86.87288636,05/13/2024
USGO,2404,101C,46.87498278,-96.59679224,05/08/2024
USGO,1316,105N,47.56039692,-100.9240285,05/15/2024
USST,4515,103N,43.89909838,-93.74711356,05/17/2024
USSL,7411,104N,41.16619644,-95.02957915,04/22/2024
USWA,7345,106N,41.55589314,-96.74244338,04/22/2024
USWA,7337,101N,40.30462842,-95.8977503,04/24/2024
USPH,5215,102N,40.96157742,-101.4410201,05/06/2024
USAD,3343,104N,44.613707,-96.66935045,05/18/2024
USWA,6334,106C,42.16986525,-96.99714615,04/25/2024
CAMB,323,103N,49.39248454,-98.01899736,05/12/2024
USMA,5610,101N,42.49699435,-89.33414203,05/03/2024
USMK,7821,102N,39.48570386,-83.51357889,04/24/2024
USCL,7F15,161N,40.35175341,-91.03122418,04/25/2024
USJA,3631,107N,43.67720613,-88.66682727,05/11/2024
USAD,4332,101N,43.62006192,-96.4720622,05/13/2024
USGO,1344,104N,47.80908787,-97.41482364,05/23/2024
USGO,2402,103C,46.91896716,-96.67100834,05/09/2024
USST,3F10,103N,44.76222741,-91.61603905,05/09/2024
USJN,8C34,162C,37.78394725,-94.93403265,04/17/2024
USSL,5424,161C,42.86264427,-94.68874738,05/13/2024
CAMB,323,101N,49.39804413,-98.02473032,05/12/2024
USPH,7311,104C,40.5831425,-98.1596165,05/01/2024
USSL,4438,103N,43.39572857,-94.66080036,05/17/2024
USSL,6416,101N,42.19484246,-94.60859605,04/23/2024
USSL,7420,214N,41.38430218,-95.0391488,04/24/2024
USWA,7345,105N,41.55611269,-96.74244327,04/22/2024
USSL,6428,103C,41.86319882,-94.51257423,04/25/2024
USAD,4342,211N,44.28238316,-96.62964796,05/16/2024
USGO,1326,161C,47.5436761,-98.28299982,05/16/2024
USLT,5514,161C,42.5715741,-91.6028574,05/17/2024
USAD,5408,108N,43.12925603,-95.95069122,05/14/2024
USAD,3320,105N,45.29702902,-98.31005332,05/11/2024
USMK,4742,103N,42.01960241,-83.69329597,05/14/2024
USSL,5511,102N,42.63480116,-92.77175495,05/17/2024
USSL,7411,106N,41.16634067,-95.02884388,04/22/2024
USAD,4342,161C,44.3104806,-96.70429587,05/16/2024
USGO,2341,106N,46.83548088,-97.49536445,05/13/2024
USST,4533,103N,43.92148954,-92.9438713,05/13/2024
USWA,7349,104N,41.87331376,-96.21759695,05/11/2024
USWA,7D11,103N,41.02744655,-95.13525134,04/23/2024
USJA,3631,112N,43.67720299,-88.66871716,05/13/2024
USMK,8943,F3,38.72296423,-75.81957562,05/13/2024
USAD,4D01,161C,43.91214271,-96.32892952,05/16/2024
USMA,5F12,101C,41.68880925,-90.25728076,04/25/2024
USGO,2339,102N,47.05415611,-96.92006821,05/15/2024
USJN,8307,161N,39.05165078,-95.54844378,04/10/2024
USPH,7243,161C,40.85176571,-99.71114059,04/15/2024
USST,4532,102N,44.30029594,-93.07431708,05/06/2024
USMK,8943,F2,39.61226007,-75.39966711,05/13/2024
USLT,5514,103N,42.57160261,-91.60530722,05/16/2024
USMK,4732,161N,42.6592108,-84.22770039,05/01/2024
USST,4531,103C,44.4784927,-93.03456177,05/06/2024
USAD,4342,209N,44.28238309,-96.63025889,05/16/2024
USGO,2402,106N,46.91731434,-96.66552187,05/09/2024
USHI,8F35,161N,38.79140124,-88.0635663,05/04/2024
USGO,1336,106N,48.76133967,-98.0898529,05/21/2024
USAD,5408,110N,43.12881707,-95.95069647,05/14/2024
USPH,5B40,162C,42.57921155,-99.92527532,05/15/2024
USPH,6320,102N,42.06270356,-97.93184684,05/09/2024
USSL,6418,204N,41.86233819,-93.66474379,05/19/2024
USHI,8Z17,102C,39.87626201,-92.20191828,04/11/2024
USJA,2634,103C,44.58212171,-88.2485535,05/15/2024
USST,4520,162N,43.45678738,-91.86210203,05/18/2024
USGO,1316,103N,47.5604012,-100.9246765,05/15/2024
USAD,2338,103C,45.13313773,-97.10386646,05/18/2024
USCL,7623,161N,39.70232541,-89.3506143,04/17/2024
USSL,7520,105C,41.42897356,-92.57057122,05/18/2024
USJN,8218,103C,38.10617202,-100.8600439,04/29/2024
USSL,5424,103C,42.86202592,-94.67958264,05/13/2024
USCL,6614,103N,40.91282175,-89.84906705,05/13/2024
USJN,8405,106N,39.13312067,-93.40897319,04/12/2024
USWA,6334,191N,42.16847658,-96.98933723,04/24/2024
USJN,8C04,191C,37.79804162,-98.05497675,04/23/2024
USWA,7C01,101N,41.40156136,-96.99399523,05/01/2024
USST,4531,199N,44.4819409,-93.03433139,05/06/2024
USSL,6418,482C,41.88318049,-93.70872203,05/16/2024
USJA,2634,102C,44.58102576,-88.24823812,05/15/2024
USST,4D46,103C,43.56138105,-93.48228863,04/25/2024
USLT,6540,106N,41.59178763,-90.76324752,05/05/2024
USST,4424,105N,43.74449287,-95.2250417,05/20/2024
USMA,5620,104C,41.80349957,-89.09972982,05/04/2024
USSL,7411,103N,41.16619626,-95.02994234,04/22/2024
USPH,5213,103N,40.9893346,-101.4475375,05/06/2024
USBY,9544,101N,34.25193389,-91.33657929,04/15/2024
USBY,8541,120N,37.07118482,-89.70910276,04/24/2024
USJN,8C16,162N,39.40860497,-97.14505453,04/19/2024
USLT,6540,105N,41.59178869,-90.76295507,05/05/2024
CAAR,3835,163N,43.49167801,-81.45858946,05/16/2024
USGO,1333,106N,48.75960159,-97.62870771,05/20/2024
USSL,5420,101N,43.04639874,-95.14228518,05/20/2024
USCL,7F34,191N,39.67259597,-89.35685814,04/17/2024
USMA,5F12,163C,41.68913667,-90.25705521,04/26/2024
USAD,5408,109N,43.12903655,-95.95069384,05/14/2024
USSL,7411,161N,41.16595576,-95.02944064,04/22/2024
USPH,6C13,161N,41.50290623,-98.90420208,05/14/2024
USST,4Z05,102C,43.69707263,-94.00386037,05/18/2024
USJA,3F25,161C,44.01204249,-89.12836561,05/15/2024
USAD,5D06,161N,43.25785385,-96.08087744,05/15/2024
USMK,7J21,F1,40.12059316,-76.53261364,04/30/2024
USPH,7C09,162N,39.40214179,-100.6633944,05/08/2024
USJA,462N,EO25C,42.66408576,-88.95508365,05/04/2024
CAAR,3831,107N,43.08104931,-81.20230357,05/13/2024
USWA,7408,101N,40.59753772,-95.49866222,04/11/2024
USLT,6518,161N,42.3069274,-91.20804976,05/15/2024
USSL,6418,205N,41.86255772,-93.664745,05/19/2024
USMA,6609,103N,41.37276211,-89.3763129,04/23/2024
USJA,4625,194N,42.67749538,-88.88576494,05/17/2024
USBY,9544,161N,34.2528158,-91.33899884,04/15/2024
USCL,7632,265N,40.21470889,-88.90702328,04/22/2024
USST,4533,107N,43.92148772,-92.94265684,05/14/2024
USSL,7520,202N,41.43085444,-92.43175955,04/24/2024
USLT,6548,106N,41.44546193,-91.38580839,04/24/2024
USAD,4338,103N,44.08060481,-97.03284051,05/06/2024
USSL,6416,196N,42.18105622,-94.60453092,04/24/2024
USHI,7F08,101N,39.23310797,-88.40103402,05/15/2024
USSL,7520,303N,41.43813647,-92.43464243,04/25/2024
USMA,6609,106N,41.37276608,-89.3759486,04/24/2024
USJA,5607,161C,42.57981122,-90.15488063,04/25/2024
USGO,1335,102C,47.97272882,-97.69539179,06/01/2024
USGO,1335,161C,47.97591674,-97.69817197,06/01/2024
USGO,1335,105N,47.97178015,-97.69327809,06/01/2024
USGO,1335,103C,47.972762,-97.69451408,06/01/2024
USGO,1335,104N,47.97178151,-97.69360466,06/01/2024
USGO,1335,191N,47.97260558,-97.69324489,06/01/2024
CAMB,320,105C,49.89426257,-98.09029692,5/23/2024
CAMB,0320,161C,49.89426257,-98.09029692,5/23/2024
CAMB,0320,101N,49.89426257,-98.09029692,5/23/2024
CAMB,0320,104C,49.89426257,-98.09029692,5/23/2024
CAMB,0320,103N,49.89426257,-98.09029692,5/23/2024
CAMB,0320,102N,49.89426257,-98.09029692,5/23/2024
CAMB,0335,102N,49.01057193,-97.74088166,5/22/2024
CAMB,0335,161N,49.01057193,-97.74088166,5/22/2024
CAMB,0335,101N,49.01057193,-97.74088166,5/22/2024
CAMB,0342,104N,49.29582111,-97.8853515,5/21/2024
CAMB,0342,105N,49.29582111,-97.8853515,5/21/2024
CAMB,0342,102N,49.29582111,-97.8853515,5/21/2024
CAMB,0342,107N,49.29582111,-97.8853515,5/22/2024
CAMB,0342,161N,49.29582111,-97.8853515,5/22/2024
CAMB,0342,103N,49.29582111,-97.8853515,5/21/2024
CAMB,0342,101N,49.29582111,-97.8853515,5/21/2024
CAMB,0342,106N,49.29582111,-97.8853515,5/21/2024
